"ID"	"Time"	"Toxin"	"Antibody"	"ToxinDose"	"Microarray"	"Death"	"Inflammation"	"MucosaThickness"	"CongestionExudate"	"ArchitectureErosions"	"SubmucosalEdema"	"TotalPathology"	"MPOPositivesPerField"	"WBC"	"NE"	"LY"	"MO"	"EO"	"BA"	"NE.p"	"LY.p"	"MO.p"	"EO.p"	"BA.p"	"RBC"	"Hb"	"HCT"	"MCV"	"MCH"	"MCHC"	"RDW"	"PLT"	"MPV"	"Ccl11-Serum"	"Lif-Serum"	"Cxcl10-Serum"	"Cxcl1-Serum"	"Ccl2-Serum"	"Ccl3-Serum"	"Ccl4-Serum"	"Cxcl2-Serum"	"Cxcl9-Serum"	"Ccl5-Serum"	"Ccl11-cell"	"Cxcl10-cell"	"Cxcl2-cell"	"Cxcl1-cell"	"Lif-cell"	"Ccl2-cell"	"Ccl3-cell"	"Ccl4-cell"	"Cxcl9-cell"	"Ccl5-cell"	"Cxcl1-qRTPCR"	"Cxcl2-qRTPCR"	"Inflammation.Colon"	"MucosaThickness.Colon"	"CongestionExudate.Colon"	"ArchitectureErosions.Colon"	"SubmucosalEdema.Colon"	"TotalPathology.Colon"
101	6	"Sham"	"None"	0			1.5	2	0	0.5	3	7	"NA"	3.6	1.69	1.7	0.19	0.01	0.01	46.87	47.21	5.31	0.41	0.19	"NA"	"NA"	"NA"	"NA"	"NA"	"NA"	"NA"	"NA"	"NA"	"NA"	"NA"	"NA"	"NA"	"NA"	"NA"	"NA"	"NA"	"NA"	"NA"	"NA"	"NA"	"NA"	"NA"	"NA"	"NA"	"NA"	"NA"	"NA"	"NA"	"NA"	"NA"	"NA"	"NA"	"NA"	"NA"	"NA"	"NA"
102	6	"Sham"	"None"	0			1.5	1.5	0.5	0	3	6.5	"NA"	3.26	2.01	1.12	0.11	0.01	0	61.72	34.4	3.46	0.38	0.05	"NA"	"NA"	"NA"	"NA"	"NA"	"NA"	"NA"	"NA"	"NA"	"NA"	"NA"	"NA"	"NA"	"NA"	"NA"	"NA"	"NA"	"NA"	"NA"	"NA"	"NA"	"NA"	"NA"	"NA"	"NA"	"NA"	"NA"	"NA"	"NA"	"NA"	"NA"	"NA"	"NA"	"NA"	"NA"	"NA"	"NA"
103	6	"Sham"	"None"	0			1	1.5	0	0	2.5	5	"NA"	5.38	2.45	2.63	0.17	0.09	0.03	45.52	48.93	3.22	1.67	0.65	"NA"	"NA"	"NA"	"NA"	"NA"	"NA"	"NA"	"NA"	"NA"	"NA"	"NA"	"NA"	"NA"	"NA"	"NA"	"NA"	"NA"	"NA"	"NA"	"NA"	"NA"	"NA"	"NA"	"NA"	"NA"	"NA"	"NA"	"NA"	"NA"	"NA"	"NA"	"NA"	"NA"	"NA"	"NA"	"NA"	"NA"
104	6	"A"	"None"	5		"Dead at 6h"	"NA"	"NA"	"NA"	"NA"	"NA"	"NA"	"NA"	11.52	6.64	3.87	0.59	0.37	0.06	57.64	33.56	5.08	3.18	0.55	"NA"	"NA"	"NA"	"NA"	"NA"	"NA"	"NA"	"NA"	"NA"	"NA"	"NA"	"NA"	"NA"	"NA"	"NA"	"NA"	"NA"	"NA"	"NA"	"NA"	"NA"	"NA"	"NA"	"NA"	"NA"	"NA"	"NA"	"NA"	"NA"	"NA"	"NA"	"NA"	"NA"	"NA"	"NA"	"NA"	"NA"
105	6	"A"	"None"	5			1	2	0.5	1.5	2.5	7.5	"NA"	4.46	3.36	1.04	0.03	0.03	0.01	75.23	23.28	0.67	0.57	0.25	"NA"	"NA"	"NA"	"NA"	"NA"	"NA"	"NA"	"NA"	"NA"	"NA"	"NA"	"NA"	"NA"	"NA"	"NA"	"NA"	"NA"	"NA"	"NA"	"NA"	"NA"	"NA"	"NA"	"NA"	"NA"	"NA"	"NA"	"NA"	"NA"	"NA"	"NA"	"NA"	"NA"	"NA"	"NA"	"NA"	"NA"
106	6	"A"	"None"	5			0.5	1	0.5	1	1	4	"NA"	12.02	7.17	2.92	1.06	0.71	0.16	59.64	24.29	8.86	5.89	1.32	"NA"	"NA"	"NA"	"NA"	"NA"	"NA"	"NA"	"NA"	"NA"	"NA"	"NA"	"NA"	"NA"	"NA"	"NA"	"NA"	"NA"	"NA"	"NA"	"NA"	"NA"	"NA"	"NA"	"NA"	"NA"	"NA"	"NA"	"NA"	"NA"	"NA"	"NA"	"NA"	"NA"	"NA"	"NA"	"NA"	"NA"
107	6	"A"	"None"	5			2	2.5	1	1.5	3	10	"NA"	6.56	4.23	2.11	0.15	0.06	0.01	64.44	32.14	2.33	0.89	0.21	"NA"	"NA"	"NA"	"NA"	"NA"	"NA"	"NA"	"NA"	"NA"	"NA"	"NA"	"NA"	"NA"	"NA"	"NA"	"NA"	"NA"	"NA"	"NA"	"NA"	"NA"	"NA"	"NA"	"NA"	"NA"	"NA"	"NA"	"NA"	"NA"	"NA"	"NA"	"NA"	"NA"	"NA"	"NA"	"NA"	"NA"
108	6	"A"	"None"	10			1.5	2.5	1	2	3	10	"NA"	5.94	4.26	1.51	0.15	0.01	0	71.75	25.44	2.57	0.18	0.07	"NA"	"NA"	"NA"	"NA"	"NA"	"NA"	"NA"	"NA"	"NA"	"NA"	"NA"	"NA"	"NA"	"NA"	"NA"	"NA"	"NA"	"NA"	"NA"	"NA"	"NA"	"NA"	"NA"	"NA"	"NA"	"NA"	"NA"	"NA"	"NA"	"NA"	"NA"	"NA"	"NA"	"NA"	"NA"	"NA"	"NA"
109	6	"A"	"None"	10			1.5	2	1	1	3	8.5	"NA"	7.62	4.27	2.09	0.98	0.24	0.04	56.02	27.47	12.86	3.16	0.49	"NA"	"NA"	"NA"	"NA"	"NA"	"NA"	"NA"	"NA"	"NA"	"NA"	"NA"	"NA"	"NA"	"NA"	"NA"	"NA"	"NA"	"NA"	"NA"	"NA"	"NA"	"NA"	"NA"	"NA"	"NA"	"NA"	"NA"	"NA"	"NA"	"NA"	"NA"	"NA"	"NA"	"NA"	"NA"	"NA"	"NA"
110	6	"A"	"None"	10			1.5	2	1	2	2	8.5	"NA"	10.26	4.05	4.11	1.77	0.27	0.06	39.47	40.04	17.3	2.61	0.58	"NA"	"NA"	"NA"	"NA"	"NA"	"NA"	"NA"	"NA"	"NA"	"NA"	"NA"	"NA"	"NA"	"NA"	"NA"	"NA"	"NA"	"NA"	"NA"	"NA"	"NA"	"NA"	"NA"	"NA"	"NA"	"NA"	"NA"	"NA"	"NA"	"NA"	"NA"	"NA"	"NA"	"NA"	"NA"	"NA"	"NA"
111	6	"A"	"None"	10			2	2.5	1.5	2	3	11	"NA"	7.7	4.49	2.87	0.25	0.05	0.04	58.28	37.28	3.27	0.62	0.54	"NA"	"NA"	"NA"	"NA"	"NA"	"NA"	"NA"	"NA"	"NA"	"NA"	"NA"	"NA"	"NA"	"NA"	"NA"	"NA"	"NA"	"NA"	"NA"	"NA"	"NA"	"NA"	"NA"	"NA"	"NA"	"NA"	"NA"	"NA"	"NA"	"NA"	"NA"	"NA"	"NA"	"NA"	"NA"	"NA"	"NA"
112	6	"A"	"None"	20			2	2.5	1.5	2.5	3	11.5	"NA"	6.34	3.88	2.19	0.26	0.01	0	61.18	34.52	4.12	0.12	0.05	"NA"	"NA"	"NA"	"NA"	"NA"	"NA"	"NA"	"NA"	"NA"	"NA"	"NA"	"NA"	"NA"	"NA"	"NA"	"NA"	"NA"	"NA"	"NA"	"NA"	"NA"	"NA"	"NA"	"NA"	"NA"	"NA"	"NA"	"NA"	"NA"	"NA"	"NA"	"NA"	"NA"	"NA"	"NA"	"NA"	"NA"
113	6	"A"	"None"	20			2	2	1	2	3	10	"NA"	4.54	2.56	1.79	0.16	0.03	0.01	56.39	39.32	3.42	0.62	0.26	"NA"	"NA"	"NA"	"NA"	"NA"	"NA"	"NA"	"NA"	"NA"	"NA"	"NA"	"NA"	"NA"	"NA"	"NA"	"NA"	"NA"	"NA"	"NA"	"NA"	"NA"	"NA"	"NA"	"NA"	"NA"	"NA"	"NA"	"NA"	"NA"	"NA"	"NA"	"NA"	"NA"	"NA"	"NA"	"NA"	"NA"
114	6	"A"	"None"	20			2	2	1.5	3	3	11.5	"NA"	4.46	2.46	1.89	0.1	0.01	0	55.25	42.27	2.18	0.26	0.04	"NA"	"NA"	"NA"	"NA"	"NA"	"NA"	"NA"	"NA"	"NA"	"NA"	"NA"	"NA"	"NA"	"NA"	"NA"	"NA"	"NA"	"NA"	"NA"	"NA"	"NA"	"NA"	"NA"	"NA"	"NA"	"NA"	"NA"	"NA"	"NA"	"NA"	"NA"	"NA"	"NA"	"NA"	"NA"	"NA"	"NA"
115	6	"A"	"None"	20			2	2	1.5	2.5	3	11	"NA"	6.64	4.27	2.21	0.13	0.01	0.02	64.33	33.25	2	0.21	0.23	"NA"	"NA"	"NA"	"NA"	"NA"	"NA"	"NA"	"NA"	"NA"	"NA"	"NA"	"NA"	"NA"	"NA"	"NA"	"NA"	"NA"	"NA"	"NA"	"NA"	"NA"	"NA"	"NA"	"NA"	"NA"	"NA"	"NA"	"NA"	"NA"	"NA"	"NA"	"NA"	"NA"	"NA"	"NA"	"NA"	"NA"
116	6	"A"	"None"	40			1.5	2	1	2	3	9.5	"NA"	5.84	3.77	1.62	0.29	0.13	0.02	64.64	27.77	4.98	2.26	0.36	"NA"	"NA"	"NA"	"NA"	"NA"	"NA"	"NA"	"NA"	"NA"	"NA"	"NA"	"NA"	"NA"	"NA"	"NA"	"NA"	"NA"	"NA"	"NA"	"NA"	"NA"	"NA"	"NA"	"NA"	"NA"	"NA"	"NA"	"NA"	"NA"	"NA"	"NA"	"NA"	"NA"	"NA"	"NA"	"NA"	"NA"
117	6	"A"	"None"	40			1.5	2	1	1	3	8.5	"NA"	11.5	4.37	5.72	1.16	0.21	0.03	37.98	49.75	10.12	1.84	0.3	"NA"	"NA"	"NA"	"NA"	"NA"	"NA"	"NA"	"NA"	"NA"	"NA"	"NA"	"NA"	"NA"	"NA"	"NA"	"NA"	"NA"	"NA"	"NA"	"NA"	"NA"	"NA"	"NA"	"NA"	"NA"	"NA"	"NA"	"NA"	"NA"	"NA"	"NA"	"NA"	"NA"	"NA"	"NA"	"NA"	"NA"
118	6	"A"	"None"	40			1	1.5	0.5	1	3	7	"NA"	12.2	7.26	4.28	0.42	0.22	0.03	59.48	35.05	3.45	1.81	0.21	"NA"	"NA"	"NA"	"NA"	"NA"	"NA"	"NA"	"NA"	"NA"	"NA"	"NA"	"NA"	"NA"	"NA"	"NA"	"NA"	"NA"	"NA"	"NA"	"NA"	"NA"	"NA"	"NA"	"NA"	"NA"	"NA"	"NA"	"NA"	"NA"	"NA"	"NA"	"NA"	"NA"	"NA"	"NA"	"NA"	"NA"
119	6	"A"	"None"	40			1.5	2	1	1	2.5	8	"NA"	5.48	3.73	1.45	0.25	0.04	0	68.06	26.52	4.59	0.74	0.09	"NA"	"NA"	"NA"	"NA"	"NA"	"NA"	"NA"	"NA"	"NA"	"NA"	"NA"	"NA"	"NA"	"NA"	"NA"	"NA"	"NA"	"NA"	"NA"	"NA"	"NA"	"NA"	"NA"	"NA"	"NA"	"NA"	"NA"	"NA"	"NA"	"NA"	"NA"	"NA"	"NA"	"NA"	"NA"	"NA"	"NA"
201	2	"A"	"None"	20	"Y"		0	1	0	0	2	3	"NA"	"NA"	"NA"	"NA"	"NA"	"NA"	"NA"	"NA"	"NA"	"NA"	"NA"	"NA"	"NA"	"NA"	"NA"	"NA"	"NA"	"NA"	"NA"	"NA"	"NA"	"NA"	"NA"	"NA"	"NA"	"NA"	"NA"	"NA"	"NA"	"NA"	"NA"	"NA"	"NA"	"NA"	"NA"	"NA"	"NA"	"NA"	"NA"	"NA"	"NA"	"NA"	"NA"	"NA"	"NA"	"NA"	"NA"	"NA"	"NA"
202	2	"A"	"None"	20	"Y"		0	0.5	0	0	2	2.5	"NA"	"NA"	"NA"	"NA"	"NA"	"NA"	"NA"	"NA"	"NA"	"NA"	"NA"	"NA"	"NA"	"NA"	"NA"	"NA"	"NA"	"NA"	"NA"	"NA"	"NA"	"NA"	"NA"	"NA"	"NA"	"NA"	"NA"	"NA"	"NA"	"NA"	"NA"	"NA"	"NA"	"NA"	"NA"	"NA"	"NA"	"NA"	"NA"	"NA"	"NA"	"NA"	"NA"	"NA"	"NA"	"NA"	"NA"	"NA"	"NA"
203	2	"B"	"None"	20			1	1.5	0.5	0	1.5	4.5	0.4	"NA"	"NA"	"NA"	"NA"	"NA"	"NA"	"NA"	"NA"	"NA"	"NA"	"NA"	"NA"	"NA"	"NA"	"NA"	"NA"	"NA"	"NA"	"NA"	"NA"	"NA"	"NA"	"NA"	"NA"	"NA"	"NA"	"NA"	"NA"	"NA"	"NA"	"NA"	"NA"	"NA"	"NA"	"NA"	"NA"	"NA"	"NA"	"NA"	"NA"	"NA"	"NA"	"NA"	"NA"	"NA"	"NA"	"NA"	"NA"
204	2	"B"	"None"	20	"Y"		0	0	0	0	0	0	3.4	"NA"	"NA"	"NA"	"NA"	"NA"	"NA"	"NA"	"NA"	"NA"	"NA"	"NA"	"NA"	"NA"	"NA"	"NA"	"NA"	"NA"	"NA"	"NA"	"NA"	"NA"	"NA"	"NA"	"NA"	"NA"	"NA"	"NA"	"NA"	"NA"	"NA"	"NA"	"NA"	"NA"	"NA"	"NA"	"NA"	"NA"	"NA"	"NA"	"NA"	"NA"	"NA"	"NA"	"NA"	"NA"	"NA"	"NA"	"NA"
205	2	"AB"	"None"	20	"Y"		0	0.5	0.5	1	2.5	4.5	"NA"	"NA"	"NA"	"NA"	"NA"	"NA"	"NA"	"NA"	"NA"	"NA"	"NA"	"NA"	"NA"	"NA"	"NA"	"NA"	"NA"	"NA"	"NA"	"NA"	"NA"	"NA"	"NA"	"NA"	"NA"	"NA"	"NA"	"NA"	"NA"	"NA"	"NA"	"NA"	"NA"	"NA"	"NA"	"NA"	"NA"	"NA"	"NA"	"NA"	"NA"	"NA"	"NA"	"NA"	"NA"	"NA"	"NA"	"NA"	"NA"
206	2	"AB"	"None"	20	"Y"		1	1.5	0	0	1.5	4	3.6	"NA"	"NA"	"NA"	"NA"	"NA"	"NA"	"NA"	"NA"	"NA"	"NA"	"NA"	"NA"	"NA"	"NA"	"NA"	"NA"	"NA"	"NA"	"NA"	"NA"	"NA"	"NA"	"NA"	"NA"	"NA"	"NA"	"NA"	"NA"	"NA"	"NA"	"NA"	"NA"	"NA"	"NA"	"NA"	"NA"	"NA"	"NA"	"NA"	"NA"	"NA"	"NA"	"NA"	"NA"	"NA"	"NA"	"NA"	"NA"
207	2	"A"	"None"	20	"Y"		0.5	1.5	0	0.5	2.5	5	"NA"	"NA"	"NA"	"NA"	"NA"	"NA"	"NA"	"NA"	"NA"	"NA"	"NA"	"NA"	"NA"	"NA"	"NA"	"NA"	"NA"	"NA"	"NA"	"NA"	"NA"	"NA"	"NA"	"NA"	"NA"	"NA"	"NA"	"NA"	"NA"	"NA"	"NA"	"NA"	"NA"	"NA"	"NA"	"NA"	"NA"	"NA"	"NA"	"NA"	"NA"	"NA"	"NA"	"NA"	"NA"	"NA"	"NA"	"NA"	"NA"
208	2	"B"	"None"	20			0.5	0.5	0	0	1	2	2.1	"NA"	"NA"	"NA"	"NA"	"NA"	"NA"	"NA"	"NA"	"NA"	"NA"	"NA"	"NA"	"NA"	"NA"	"NA"	"NA"	"NA"	"NA"	"NA"	"NA"	"NA"	"NA"	"NA"	"NA"	"NA"	"NA"	"NA"	"NA"	"NA"	"NA"	"NA"	"NA"	"NA"	"NA"	"NA"	"NA"	"NA"	"NA"	"NA"	"NA"	"NA"	"NA"	"NA"	"NA"	"NA"	"NA"	"NA"	"NA"
209	2	"AB"	"None"	20	"Y"		0.5	1.5	0	0	2.5	4.5	3.7	"NA"	"NA"	"NA"	"NA"	"NA"	"NA"	"NA"	"NA"	"NA"	"NA"	"NA"	"NA"	"NA"	"NA"	"NA"	"NA"	"NA"	"NA"	"NA"	"NA"	"NA"	"NA"	"NA"	"NA"	"NA"	"NA"	"NA"	"NA"	"NA"	"NA"	"NA"	"NA"	"NA"	"NA"	"NA"	"NA"	"NA"	"NA"	"NA"	"NA"	"NA"	"NA"	"NA"	"NA"	"NA"	"NA"	"NA"	"NA"
210	2	"Sham"	"None"	0	"Y"		0	0	0	0	0	0	1.2	"NA"	"NA"	"NA"	"NA"	"NA"	"NA"	"NA"	"NA"	"NA"	"NA"	"NA"	"NA"	"NA"	"NA"	"NA"	"NA"	"NA"	"NA"	"NA"	"NA"	"NA"	"NA"	"NA"	"NA"	"NA"	"NA"	"NA"	"NA"	"NA"	"NA"	"NA"	"NA"	"NA"	"NA"	"NA"	"NA"	"NA"	"NA"	"NA"	"NA"	"NA"	"NA"	"NA"	"NA"	"NA"	"NA"	"NA"	"NA"
211	2	"Sham"	"None"	0	"Y"		0	1	0	0	1	2	2.4	"NA"	"NA"	"NA"	"NA"	"NA"	"NA"	"NA"	"NA"	"NA"	"NA"	"NA"	"NA"	"NA"	"NA"	"NA"	"NA"	"NA"	"NA"	"NA"	"NA"	"NA"	"NA"	"NA"	"NA"	"NA"	"NA"	"NA"	"NA"	"NA"	"NA"	"NA"	"NA"	"NA"	"NA"	"NA"	"NA"	"NA"	"NA"	"NA"	"NA"	"NA"	"NA"	"NA"	"NA"	"NA"	"NA"	"NA"	"NA"
212	2	"Sham"	"None"	0	"Y"		0	0	0	0	1	1	5	"NA"	"NA"	"NA"	"NA"	"NA"	"NA"	"NA"	"NA"	"NA"	"NA"	"NA"	"NA"	"NA"	"NA"	"NA"	"NA"	"NA"	"NA"	"NA"	"NA"	"NA"	"NA"	"NA"	"NA"	"NA"	"NA"	"NA"	"NA"	"NA"	"NA"	"NA"	"NA"	"NA"	"NA"	"NA"	"NA"	"NA"	"NA"	"NA"	"NA"	"NA"	"NA"	"NA"	"NA"	"NA"	"NA"	"NA"	"NA"
213	6	"A"	"None"	20	"Y"		1	2	1	2.5	2.5	9	4.4	"NA"	"NA"	"NA"	"NA"	"NA"	"NA"	"NA"	"NA"	"NA"	"NA"	"NA"	"NA"	"NA"	"NA"	"NA"	"NA"	"NA"	"NA"	"NA"	"NA"	"NA"	"NA"	"NA"	"NA"	"NA"	"NA"	"NA"	"NA"	"NA"	"NA"	"NA"	"NA"	"NA"	"NA"	"NA"	"NA"	"NA"	"NA"	"NA"	"NA"	5.2	1.65	"NA"	"NA"	"NA"	"NA"	"NA"	"NA"
214	6	"A"	"None"	20	"Y"		2	1	2	2.5	2.5	10	14.3	"NA"	"NA"	"NA"	"NA"	"NA"	"NA"	"NA"	"NA"	"NA"	"NA"	"NA"	"NA"	"NA"	"NA"	"NA"	"NA"	"NA"	"NA"	"NA"	"NA"	"NA"	"NA"	"NA"	"NA"	"NA"	"NA"	"NA"	"NA"	"NA"	"NA"	"NA"	"NA"	"NA"	"NA"	"NA"	"NA"	"NA"	"NA"	"NA"	"NA"	5.94	1.2	"NA"	"NA"	"NA"	"NA"	"NA"	"NA"
215	6	"A"	"None"	20	"Y"		1	1	1	1	1	5	16.4	"NA"	"NA"	"NA"	"NA"	"NA"	"NA"	"NA"	"NA"	"NA"	"NA"	"NA"	"NA"	"NA"	"NA"	"NA"	"NA"	"NA"	"NA"	"NA"	"NA"	"NA"	"NA"	"NA"	"NA"	"NA"	"NA"	"NA"	"NA"	"NA"	"NA"	"NA"	"NA"	"NA"	"NA"	"NA"	"NA"	"NA"	"NA"	"NA"	"NA"	6.37	1.78	"NA"	"NA"	"NA"	"NA"	"NA"	"NA"
216	6	"B"	"None"	20	"Y"		0.5	0	0	0	1.5	2	2.1	"NA"	"NA"	"NA"	"NA"	"NA"	"NA"	"NA"	"NA"	"NA"	"NA"	"NA"	"NA"	"NA"	"NA"	"NA"	"NA"	"NA"	"NA"	"NA"	"NA"	"NA"	"NA"	"NA"	"NA"	"NA"	"NA"	"NA"	"NA"	"NA"	"NA"	"NA"	"NA"	"NA"	"NA"	"NA"	"NA"	"NA"	"NA"	"NA"	"NA"	"NA"	"NA"	"NA"	"NA"	"NA"	"NA"	"NA"	"NA"
217	6	"B"	"None"	20	"Y"		1	1.5	0	0	2.5	5	9.9	"NA"	"NA"	"NA"	"NA"	"NA"	"NA"	"NA"	"NA"	"NA"	"NA"	"NA"	"NA"	"NA"	"NA"	"NA"	"NA"	"NA"	"NA"	"NA"	"NA"	"NA"	"NA"	"NA"	"NA"	"NA"	"NA"	"NA"	"NA"	"NA"	"NA"	"NA"	"NA"	"NA"	"NA"	"NA"	"NA"	"NA"	"NA"	"NA"	"NA"	"NA"	"NA"	"NA"	"NA"	"NA"	"NA"	"NA"	"NA"
218	6	"B"	"None"	20	"Y"		0	0	0	0	0	0	8.8	"NA"	"NA"	"NA"	"NA"	"NA"	"NA"	"NA"	"NA"	"NA"	"NA"	"NA"	"NA"	"NA"	"NA"	"NA"	"NA"	"NA"	"NA"	"NA"	"NA"	"NA"	"NA"	"NA"	"NA"	"NA"	"NA"	"NA"	"NA"	"NA"	"NA"	"NA"	"NA"	"NA"	"NA"	"NA"	"NA"	"NA"	"NA"	"NA"	"NA"	"NA"	"NA"	"NA"	"NA"	"NA"	"NA"	"NA"	"NA"
219	6	"AB"	"None"	20		"Died at 5h"	1	1.5	1	2	2	7.5	0.6	"NA"	"NA"	"NA"	"NA"	"NA"	"NA"	"NA"	"NA"	"NA"	"NA"	"NA"	"NA"	"NA"	"NA"	"NA"	"NA"	"NA"	"NA"	"NA"	"NA"	"NA"	"NA"	"NA"	"NA"	"NA"	"NA"	"NA"	"NA"	"NA"	"NA"	"NA"	"NA"	"NA"	"NA"	"NA"	"NA"	"NA"	"NA"	"NA"	"NA"	"NA"	"NA"	"NA"	"NA"	"NA"	"NA"	"NA"	"NA"
220	6	"AB"	"None"	20		"Died at 4h"	0	0.5	0	0.5	0	1	1.7	"NA"	"NA"	"NA"	"NA"	"NA"	"NA"	"NA"	"NA"	"NA"	"NA"	"NA"	"NA"	"NA"	"NA"	"NA"	"NA"	"NA"	"NA"	"NA"	"NA"	"NA"	"NA"	"NA"	"NA"	"NA"	"NA"	"NA"	"NA"	"NA"	"NA"	"NA"	"NA"	"NA"	"NA"	"NA"	"NA"	"NA"	"NA"	"NA"	"NA"	"NA"	"NA"	"NA"	"NA"	"NA"	"NA"	"NA"	"NA"
221	6	"AB"	"None"	20	"Y"		0	0.5	0	0.5	0	1	12.4	"NA"	"NA"	"NA"	"NA"	"NA"	"NA"	"NA"	"NA"	"NA"	"NA"	"NA"	"NA"	"NA"	"NA"	"NA"	"NA"	"NA"	"NA"	"NA"	"NA"	"NA"	"NA"	"NA"	"NA"	"NA"	"NA"	"NA"	"NA"	"NA"	"NA"	"NA"	"NA"	"NA"	"NA"	"NA"	"NA"	"NA"	"NA"	"NA"	"NA"	"NA"	"NA"	"NA"	"NA"	"NA"	"NA"	"NA"	"NA"
222	6	"Sham"	"None"	0		"Sacrificed at 4.5h"	"NA"	"NA"	"NA"	"NA"	"NA"	"NA"	"NA"	"NA"	"NA"	"NA"	"NA"	"NA"	"NA"	"NA"	"NA"	"NA"	"NA"	"NA"	"NA"	"NA"	"NA"	"NA"	"NA"	"NA"	"NA"	"NA"	"NA"	"NA"	"NA"	"NA"	"NA"	"NA"	"NA"	"NA"	"NA"	"NA"	"NA"	"NA"	"NA"	"NA"	"NA"	"NA"	"NA"	"NA"	"NA"	"NA"	"NA"	"NA"	"NA"	"NA"	"NA"	"NA"	"NA"	"NA"	"NA"
223	6	"Sham"	"None"	0	"Y"		0	0	0	0	0	0	5	"NA"	"NA"	"NA"	"NA"	"NA"	"NA"	"NA"	"NA"	"NA"	"NA"	"NA"	"NA"	"NA"	"NA"	"NA"	"NA"	"NA"	"NA"	"NA"	"NA"	"NA"	"NA"	"NA"	"NA"	"NA"	"NA"	"NA"	"NA"	"NA"	"NA"	"NA"	"NA"	"NA"	"NA"	"NA"	"NA"	"NA"	"NA"	"NA"	"NA"	0.19	0.14	"NA"	"NA"	"NA"	"NA"	"NA"	"NA"
224	6	"Sham"	"None"	0	"Y"		1	1.5	1	0	1	4.5	5.9	"NA"	"NA"	"NA"	"NA"	"NA"	"NA"	"NA"	"NA"	"NA"	"NA"	"NA"	"NA"	"NA"	"NA"	"NA"	"NA"	"NA"	"NA"	"NA"	"NA"	"NA"	"NA"	"NA"	"NA"	"NA"	"NA"	"NA"	"NA"	"NA"	"NA"	"NA"	"NA"	"NA"	"NA"	"NA"	"NA"	"NA"	"NA"	"NA"	"NA"	0.17	0.04	"NA"	"NA"	"NA"	"NA"	"NA"	"NA"
225	16	"A"	"None"	20	"Y"		1	2.5	1	1.5	3	9	20.5	"NA"	"NA"	"NA"	"NA"	"NA"	"NA"	"NA"	"NA"	"NA"	"NA"	"NA"	"NA"	"NA"	"NA"	"NA"	"NA"	"NA"	"NA"	"NA"	"NA"	"NA"	"NA"	"NA"	"NA"	"NA"	"NA"	"NA"	"NA"	"NA"	"NA"	"NA"	"NA"	"NA"	"NA"	"NA"	"NA"	"NA"	"NA"	"NA"	"NA"	0.42	0.19	"NA"	"NA"	"NA"	"NA"	"NA"	"NA"
226	16	"A"	"None"	20			2	2.5	1	2	3	10	25.9	"NA"	"NA"	"NA"	"NA"	"NA"	"NA"	"NA"	"NA"	"NA"	"NA"	"NA"	"NA"	"NA"	"NA"	"NA"	"NA"	"NA"	"NA"	"NA"	"NA"	"NA"	"NA"	"NA"	"NA"	"NA"	"NA"	"NA"	"NA"	"NA"	"NA"	"NA"	"NA"	"NA"	"NA"	"NA"	"NA"	"NA"	"NA"	"NA"	"NA"	"NA"	"NA"	"NA"	"NA"	"NA"	"NA"	"NA"	"NA"
227	16	"A"	"None"	20	"Y"		2	2.5	2	2	3	11.5	8.5	"NA"	"NA"	"NA"	"NA"	"NA"	"NA"	"NA"	"NA"	"NA"	"NA"	"NA"	"NA"	"NA"	"NA"	"NA"	"NA"	"NA"	"NA"	"NA"	"NA"	"NA"	"NA"	"NA"	"NA"	"NA"	"NA"	"NA"	"NA"	"NA"	"NA"	"NA"	"NA"	"NA"	"NA"	"NA"	"NA"	"NA"	"NA"	"NA"	"NA"	16.78	18.73	"NA"	"NA"	"NA"	"NA"	"NA"	"NA"
228	16	"B"	"None"	20	"Y"		0.5	0.5	0	0	1.5	2.5	24	"NA"	"NA"	"NA"	"NA"	"NA"	"NA"	"NA"	"NA"	"NA"	"NA"	"NA"	"NA"	"NA"	"NA"	"NA"	"NA"	"NA"	"NA"	"NA"	"NA"	"NA"	"NA"	"NA"	"NA"	"NA"	"NA"	"NA"	"NA"	"NA"	"NA"	"NA"	"NA"	"NA"	"NA"	"NA"	"NA"	"NA"	"NA"	"NA"	"NA"	"NA"	"NA"	"NA"	"NA"	"NA"	"NA"	"NA"	"NA"
229	16	"B"	"None"	20		"Dead at 15h"	"NA"	"NA"	"NA"	"NA"	"NA"	"NA"	"NA"	"NA"	"NA"	"NA"	"NA"	"NA"	"NA"	"NA"	"NA"	"NA"	"NA"	"NA"	"NA"	"NA"	"NA"	"NA"	"NA"	"NA"	"NA"	"NA"	"NA"	"NA"	"NA"	"NA"	"NA"	"NA"	"NA"	"NA"	"NA"	"NA"	"NA"	"NA"	"NA"	"NA"	"NA"	"NA"	"NA"	"NA"	"NA"	"NA"	"NA"	"NA"	"NA"	"NA"	"NA"	"NA"	"NA"	"NA"	"NA"
230	16	"B"	"None"	20	"Y"		1.5	1.5	1	1	3	8	13.1111111111	"NA"	"NA"	"NA"	"NA"	"NA"	"NA"	"NA"	"NA"	"NA"	"NA"	"NA"	"NA"	"NA"	"NA"	"NA"	"NA"	"NA"	"NA"	"NA"	"NA"	"NA"	"NA"	"NA"	"NA"	"NA"	"NA"	"NA"	"NA"	"NA"	"NA"	"NA"	"NA"	"NA"	"NA"	"NA"	"NA"	"NA"	"NA"	"NA"	"NA"	"NA"	"NA"	"NA"	"NA"	"NA"	"NA"	"NA"	"NA"
231	2	"B"	"None"	20	"Y"		0	1	0	0.5	1	2.5	0.1	"NA"	"NA"	"NA"	"NA"	"NA"	"NA"	"NA"	"NA"	"NA"	"NA"	"NA"	"NA"	"NA"	"NA"	"NA"	"NA"	"NA"	"NA"	"NA"	"NA"	"NA"	"NA"	"NA"	"NA"	"NA"	"NA"	"NA"	"NA"	"NA"	"NA"	"NA"	"NA"	"NA"	"NA"	"NA"	"NA"	"NA"	"NA"	"NA"	"NA"	"NA"	"NA"	"NA"	"NA"	"NA"	"NA"	"NA"	"NA"
232	6	"Sham"	"None"	0	"Y"		0	0.5	0	0	1	1.5	2.4	"NA"	"NA"	"NA"	"NA"	"NA"	"NA"	"NA"	"NA"	"NA"	"NA"	"NA"	"NA"	"NA"	"NA"	"NA"	"NA"	"NA"	"NA"	"NA"	"NA"	"NA"	"NA"	"NA"	"NA"	"NA"	"NA"	"NA"	"NA"	"NA"	"NA"	"NA"	"NA"	"NA"	"NA"	"NA"	"NA"	"NA"	"NA"	"NA"	"NA"	0.14	0.11	"NA"	"NA"	"NA"	"NA"	"NA"	"NA"
233	2	"B"	"None"	20	"Y"		0	0	0	0	0	0	1.8	"NA"	"NA"	"NA"	"NA"	"NA"	"NA"	"NA"	"NA"	"NA"	"NA"	"NA"	"NA"	"NA"	"NA"	"NA"	"NA"	"NA"	"NA"	"NA"	"NA"	"NA"	"NA"	"NA"	"NA"	"NA"	"NA"	"NA"	"NA"	"NA"	"NA"	"NA"	"NA"	"NA"	"NA"	"NA"	"NA"	"NA"	"NA"	"NA"	"NA"	"NA"	"NA"	"NA"	"NA"	"NA"	"NA"	"NA"	"NA"
234	16	"Sham"	"None"	0	"Y"		0	0	0	0	0.5	0.5	1	"NA"	"NA"	"NA"	"NA"	"NA"	"NA"	"NA"	"NA"	"NA"	"NA"	"NA"	"NA"	"NA"	"NA"	"NA"	"NA"	"NA"	"NA"	"NA"	"NA"	"NA"	"NA"	"NA"	"NA"	"NA"	"NA"	"NA"	"NA"	"NA"	"NA"	"NA"	"NA"	"NA"	"NA"	"NA"	"NA"	"NA"	"NA"	"NA"	"NA"	0.42	0.41	"NA"	"NA"	"NA"	"NA"	"NA"	"NA"
235	16	"Sham"	"None"	0	"Y"		1	1.5	0	0	1.5	4	11.5	"NA"	"NA"	"NA"	"NA"	"NA"	"NA"	"NA"	"NA"	"NA"	"NA"	"NA"	"NA"	"NA"	"NA"	"NA"	"NA"	"NA"	"NA"	"NA"	"NA"	"NA"	"NA"	"NA"	"NA"	"NA"	"NA"	"NA"	"NA"	"NA"	"NA"	"NA"	"NA"	"NA"	"NA"	"NA"	"NA"	"NA"	"NA"	"NA"	"NA"	0.43	0.54	"NA"	"NA"	"NA"	"NA"	"NA"	"NA"
236	16	"Sham"	"None"	0	"Y"		0.5	1	0	0	1	2.5	4.9	"NA"	"NA"	"NA"	"NA"	"NA"	"NA"	"NA"	"NA"	"NA"	"NA"	"NA"	"NA"	"NA"	"NA"	"NA"	"NA"	"NA"	"NA"	"NA"	"NA"	"NA"	"NA"	"NA"	"NA"	"NA"	"NA"	"NA"	"NA"	"NA"	"NA"	"NA"	"NA"	"NA"	"NA"	"NA"	"NA"	"NA"	"NA"	"NA"	"NA"	0.46	0.72	"NA"	"NA"	"NA"	"NA"	"NA"	"NA"
301	2	"A"	"None"	20			0.5	2.5	0	0.5	2.5	6	0.125	4.23	0.96	3.075	0.165	0.015	0.01	22.63	72.975	3.785	0.405	0.205	8.685	11.75	42.55	49	13.5	27.6	16.1	498.5	4.5	"NA"	"NA"	"NA"	"NA"	"NA"	"NA"	"NA"	"NA"	"NA"	"NA"	"NA"	"NA"	"NA"	"NA"	"NA"	"NA"	"NA"	"NA"	"NA"	"NA"	"NA"	"NA"	"NA"	"NA"	"NA"	"NA"	"NA"	"NA"
302	2	"A"	"None"	20			1	1.5	0	0.5	2.5	5.5	0.1	6.9	2.745	3.89	0.205	0.03	0.02	39.795	56.425	2.995	0.48	0.305	7.815	10.5	38.35	49.1	13.45	27.4	15.7	743	4.4	"NA"	"NA"	"NA"	"NA"	"NA"	"NA"	"NA"	"NA"	"NA"	"NA"	"NA"	"NA"	"NA"	"NA"	"NA"	"NA"	"NA"	"NA"	"NA"	"NA"	"NA"	"NA"	"NA"	"NA"	"NA"	"NA"	"NA"	"NA"
303	2	"A"	"None"	20			1	2	0	1	2.5	6.5	0.3	3.54	1.085	2.34	0.095	0.01	0.01	30.68	66.175	2.63	0.245	0.26	7.925	10.9	39.5	49.85	13.75	27.6	16.15	710.5	4.25	"NA"	"NA"	"NA"	"NA"	"NA"	"NA"	"NA"	"NA"	"NA"	"NA"	"NA"	"NA"	"NA"	"NA"	"NA"	"NA"	"NA"	"NA"	"NA"	"NA"	"NA"	"NA"	"NA"	"NA"	"NA"	"NA"	"NA"	"NA"
304	2	"A"	"None"	20		"Dead at 1h"	"NA"	"NA"	"NA"	"NA"	"NA"	"NA"	"NA"	3.28	0.97	2.245	0.065	0	0	29.505	68.485	1.91	0.1	0	8.28	11.45	40	48.3	13.85	28.6	15.8	754.5	4.15	"NA"	"NA"	"NA"	"NA"	"NA"	"NA"	"NA"	"NA"	"NA"	"NA"	"NA"	"NA"	"NA"	"NA"	"NA"	"NA"	"NA"	"NA"	"NA"	"NA"	"NA"	"NA"	"NA"	"NA"	"NA"	"NA"	"NA"	"NA"
305	2	"B"	"None"	20			0	0.5	0	0	2.5	3	0	4.47	1.57	2.795	0.1	0	0	35.155	62.515	2.26	0.035	0.035	7.82	11.15	38.35	49.05	14.25	29.1	16.1	643.5	4.05	"NA"	"NA"	"NA"	"NA"	"NA"	"NA"	"NA"	"NA"	"NA"	"NA"	"NA"	"NA"	"NA"	"NA"	"NA"	"NA"	"NA"	"NA"	"NA"	"NA"	"NA"	"NA"	"NA"	"NA"	"NA"	"NA"	"NA"	"NA"
306	2	"B"	"None"	20			0.5	0.5	0	0.5	0.5	2	0.7	3.82	1.455	2.2	0.105	0.05	0.015	38.03	57.625	2.725	1.29	0.34	7.03	9.5	34.85	49.55	13.55	27.3	16.1	682	4.6	"NA"	"NA"	"NA"	"NA"	"NA"	"NA"	"NA"	"NA"	"NA"	"NA"	"NA"	"NA"	"NA"	"NA"	"NA"	"NA"	"NA"	"NA"	"NA"	"NA"	"NA"	"NA"	"NA"	"NA"	"NA"	"NA"	"NA"	"NA"
307	2	"B"	"None"	20			0.5	1	0	0	1.5	3	0.4444444444	5.12	1.465	3.44	0.175	0.085	0.005	28.39	67.305	3.49	0.68	0.135	7.97	11.3	40.2	50.4	14.2	28.1	15.85	632	4.3	"NA"	"NA"	"NA"	"NA"	"NA"	"NA"	"NA"	"NA"	"NA"	"NA"	"NA"	"NA"	"NA"	"NA"	"NA"	"NA"	"NA"	"NA"	"NA"	"NA"	"NA"	"NA"	"NA"	"NA"	"NA"	"NA"	"NA"	"NA"
308	2	"B"	"None"	20			0	0	0	0	0.5	0.5	0.7	5.75	1.52	3.755	0.26	0.175	0.045	26.28	65.39	4.545	2.975	0.77	8.01	11.4	40.75	50.95	14.2	28	15.75	331	4.4	"NA"	"NA"	"NA"	"NA"	"NA"	"NA"	"NA"	"NA"	"NA"	"NA"	"NA"	"NA"	"NA"	"NA"	"NA"	"NA"	"NA"	"NA"	"NA"	"NA"	"NA"	"NA"	"NA"	"NA"	"NA"	"NA"	"NA"	"NA"
309	2	"Sham"	"None"	0			0	0.5	0	0	1	1.5	1.1	2.06	0.49	1.505	0.06	0	0	23.905	73.08	2.81	0.17	0.035	8.14	11.35	41.35	50.8	13.9	27.45	16.65	864.5	4.3	"NA"	"NA"	"NA"	"NA"	"NA"	"NA"	"NA"	"NA"	"NA"	"NA"	"NA"	"NA"	"NA"	"NA"	"NA"	"NA"	"NA"	"NA"	"NA"	"NA"	"NA"	"NA"	"NA"	"NA"	"NA"	"NA"	"NA"	"NA"
310	2	"Sham"	"None"	0			0	0	0	0	1.5	1.5	0.1	8.2	2.59	4.48	0.385	0.55	0.195	31.55	54.74	4.7	6.66	2.355	8.08	11	40.05	49.55	13.65	27.45	16.2	429	4.8	"NA"	"NA"	"NA"	"NA"	"NA"	"NA"	"NA"	"NA"	"NA"	"NA"	"NA"	"NA"	"NA"	"NA"	"NA"	"NA"	"NA"	"NA"	"NA"	"NA"	"NA"	"NA"	"NA"	"NA"	"NA"	"NA"	"NA"	"NA"
311	2	"Sham"	"None"	0			0	0	0	0	0.5	0.5	0	1.56	0.495	1.03	0.03	0	0	31.625	66.17	2.09	0.06	0.05	8.445	11.4	41.4	49	13.5	27.5	16.45	936	4.25	"NA"	"NA"	"NA"	"NA"	"NA"	"NA"	"NA"	"NA"	"NA"	"NA"	"NA"	"NA"	"NA"	"NA"	"NA"	"NA"	"NA"	"NA"	"NA"	"NA"	"NA"	"NA"	"NA"	"NA"	"NA"	"NA"	"NA"	"NA"
312	2	"Sham"	"None"	0			0	0	0	0	1	1	0	4.93	1.465	3.365	0.09	0.005	0.005	29.715	68.25	1.84	0.115	0.07	8.015	10.7	39.5	49.3	13.35	27.1	15.95	730	4.2	"NA"	"NA"	"NA"	"NA"	"NA"	"NA"	"NA"	"NA"	"NA"	"NA"	"NA"	"NA"	"NA"	"NA"	"NA"	"NA"	"NA"	"NA"	"NA"	"NA"	"NA"	"NA"	"NA"	"NA"	"NA"	"NA"	"NA"	"NA"
313	6	"A"	"None"	20		"Died at 5h"	"NA"	"NA"	"NA"	"NA"	"NA"	"NA"	"NA"	"NA"	"NA"	"NA"	"NA"	"NA"	"NA"	"NA"	"NA"	"NA"	"NA"	"NA"	"NA"	"NA"	"NA"	"NA"	"NA"	"NA"	"NA"	"NA"	"NA"	"NA"	"NA"	"NA"	"NA"	"NA"	"NA"	"NA"	"NA"	"NA"	"NA"	"NA"	"NA"	"NA"	"NA"	"NA"	"NA"	"NA"	"NA"	"NA"	"NA"	"NA"	"NA"	"NA"	"NA"	"NA"	"NA"	"NA"	"NA"
314	6	"A"	"None"	20			2	2.5	2	2.5	3	12	21.4	2.09	1.235	0.71	0.14	0	0	59.145	33.945	6.705	0.135	0.075	8.145	11.1	37.35	45.85	13.65	29.75	16.45	775	4.35	"NA"	"NA"	"NA"	"NA"	"NA"	"NA"	"NA"	"NA"	"NA"	"NA"	13.3	42.13	51.71	25.03	4.07	17.05	76.49	0.8	49.03	4.89	"NA"	"NA"	"NA"	"NA"	"NA"	"NA"	"NA"	"NA"
315	6	"A"	"None"	20			2	2	1.5	2	3	10.5	11.2	6.73	3.94	2.235	0.32	0.19	0.055	58.52	33.165	4.745	2.78	0.79	10.11	14.45	48.45	47.9	14.3	29.85	16.95	213	4.6	"NA"	"NA"	"NA"	"NA"	"NA"	"NA"	"NA"	"NA"	"NA"	"NA"	47.41	164	210	139	9.56	22.38	99.16	0.8	91.95	10.95	"NA"	"NA"	"NA"	"NA"	"NA"	"NA"	"NA"	"NA"
316	6	"A"	"None"	20			1	1.5	1	1.5	3	8	0.5	2.63	1.64	0.895	0.08	0.005	0	62.255	34.18	3.19	0.285	0.095	7.555	10.95	35.65	47.15	14.5	30.8	16.15	596	4.2	"NA"	"NA"	"NA"	"NA"	"NA"	"NA"	"NA"	"NA"	"NA"	"NA"	25.79	82.98	91.01	64.24	6.98	32.17	87.23	4.08	74.24	12.56	"NA"	"NA"	"NA"	"NA"	"NA"	"NA"	"NA"	"NA"
317	6	"B"	"None"	20			0.5	1	0	0	2	3.5	1.1	4.92	3.2	1.55	0.165	0.005	0	64.99	31.5	3.385	0.115	0.015	7.53	10.7	35.15	46.65	14.2	30.55	15.9	752.5	3.9	"NA"	"NA"	"NA"	"NA"	"NA"	"NA"	"NA"	"NA"	"NA"	"NA"	22.08	10.53	7.03	26.6	4.07	7.5	41.17	0.8	10.2	5.89	"NA"	"NA"	"NA"	"NA"	"NA"	"NA"	"NA"	"NA"
318	6	"B"	"None"	20			1	2	0	0	2	5	2.5	4.18	2.635	1.375	0.15	0.01	0.005	63.135	32.83	3.645	0.27	0.125	7.9	10.9	36.5	46.2	13.8	29.9	15.35	820.5	4.3	"NA"	"NA"	"NA"	"NA"	"NA"	"NA"	"NA"	"NA"	"NA"	"NA"	38.01	22.47	26.64	26.08	4.61	8.26	53.77	0.8	38.01	18.94	"NA"	"NA"	"NA"	"NA"	"NA"	"NA"	"NA"	"NA"
319	6	"B"	"None"	20		"Died at 5.5h"	"NA"	"NA"	"NA"	"NA"	"NA"	"NA"	"NA"	8.6	4.58	3.235	0.525	0.205	0.055	53.165	37.62	6.195	2.39	0.635	9.695	13.45	46.45	47.85	13.9	29	16.3	213.5	4.95	"NA"	"NA"	"NA"	"NA"	"NA"	"NA"	"NA"	"NA"	"NA"	"NA"	"NA"	"NA"	"NA"	"NA"	"NA"	"NA"	"NA"	"NA"	"NA"	"NA"	"NA"	"NA"	"NA"	"NA"	"NA"	"NA"	"NA"	"NA"
320	6	"B"	"None"	20			0	0.5	0	0	1	1.5	4.5	6.93	3.69	3.015	0.195	0.02	0.005	53.42	43.445	2.75	0.3	0.09	7.505	11.05	35.25	47	14.75	31.35	16	518	4.4	"NA"	"NA"	"NA"	"NA"	"NA"	"NA"	"NA"	"NA"	"NA"	"NA"	16.33	29.32	7.03	14.74	4.07	10.99	38.22	4.86	19.89	11.88	"NA"	"NA"	"NA"	"NA"	"NA"	"NA"	"NA"	"NA"
321	6	"Sham"	"None"	0			0	1.5	0	0	2	3.5	"NA"	4.63	1.86	2.45	0.25	0.05	0.025	40.13	52.92	5.395	1.01	0.55	7.525	11.05	35.1	46.7	14.65	31.5	15	628.5	4.2	"NA"	"NA"	"NA"	"NA"	"NA"	"NA"	"NA"	"NA"	"NA"	"NA"	26.29	12.04	41.59	22.43	4.07	5.3	30.91	0.8	11.47	7	"NA"	"NA"	"NA"	"NA"	"NA"	"NA"	"NA"	"NA"
322	6	"Sham"	"None"	0		"Dead at 4h"	"NA"	"NA"	"NA"	"NA"	"NA"	"NA"	"NA"	2.21	0.345	1.64	0.135	0.07	0.02	15.665	74.05	6.175	3.305	0.805	5.055	7.15	23.15	45.75	14.15	30.9	15.4	287	4.2	"NA"	"NA"	"NA"	"NA"	"NA"	"NA"	"NA"	"NA"	"NA"	"NA"	"NA"	"NA"	"NA"	"NA"	"NA"	"NA"	"NA"	"NA"	"NA"	"NA"	"NA"	"NA"	"NA"	"NA"	"NA"	"NA"	"NA"	"NA"
323	6	"Sham"	"None"	0			1	1.5	0	0	2	4.5	3.9	3.15	2.09	0.92	0.125	0.01	0	66.34	29.21	4.055	0.295	0.1	7.15	10.3	33.25	46.5	14.4	31	16.55	799	4.2	"NA"	"NA"	"NA"	"NA"	"NA"	"NA"	"NA"	"NA"	"NA"	"NA"	26.21	15.49	41.59	10.85	4.07	10.59	47.84	14.72	45.38	6.42	"NA"	"NA"	"NA"	"NA"	"NA"	"NA"	"NA"	"NA"
324	6	"Sham"	"None"	0			0	0.5	0	0	1	1.5	0.2	7	2.55	3.585	0.38	0.35	0.135	36.465	51.23	5.43	4.99	1.89	6.54	9.4	30.05	45.95	14.35	31.3	15.85	593	4.35	"NA"	"NA"	"NA"	"NA"	"NA"	"NA"	"NA"	"NA"	"NA"	"NA"	11.96	8.25	7.03	7	4.07	5	22.39	0.8	9.5	3.7	"NA"	"NA"	"NA"	"NA"	"NA"	"NA"	"NA"	"NA"
325	16	"A"	"None"	20			2	2	2	2	2.5	10.5	5.4	2.44	1.49	0.61	0.125	0.18	0.03	61.275	25.11	5.18	7.29	1.145	8.695	12.1	41	47.2	13.95	29.55	16.4	122	4.5	"NA"	"NA"	"NA"	"NA"	"NA"	"NA"	"NA"	"NA"	"NA"	"NA"	"NA"	"NA"	"NA"	"NA"	"NA"	"NA"	"NA"	"NA"	"NA"	"NA"	"NA"	"NA"	"NA"	"NA"	"NA"	"NA"	"NA"	"NA"
326	16	"A"	"None"	20			2	2	1	1	3	9	16.7	2.58	1.565	0.815	0.09	0.095	0.015	60.1	31.66	3.5	3.62	0.615	7.66	10.9	36.3	47.4	14.2	30.05	15.6	158.5	4.55	"NA"	"NA"	"NA"	"NA"	"NA"	"NA"	"NA"	"NA"	"NA"	"NA"	"NA"	"NA"	"NA"	"NA"	"NA"	"NA"	"NA"	"NA"	"NA"	"NA"	"NA"	"NA"	"NA"	"NA"	"NA"	"NA"	"NA"	"NA"
327	16	"A"	"None"	20			2	1	0	0.5	3	6.5	13.6	4.64	2.01	2.44	0.16	0.025	0.005	43.58	52.445	3.325	0.49	0.16	7.83	11.15	37.2	47.5	14.25	29.95	16.2	537	4.25	"NA"	"NA"	"NA"	"NA"	"NA"	"NA"	"NA"	"NA"	"NA"	"NA"	"NA"	"NA"	"NA"	"NA"	"NA"	"NA"	"NA"	"NA"	"NA"	"NA"	"NA"	"NA"	"NA"	"NA"	"NA"	"NA"	"NA"	"NA"
328	16	"A"	"None"	20			2	2.5	2	1.5	3	11	1.9	1.85	0.63	0.725	0.395	0.085	0.015	34.015	39.16	21.4	4.55	0.885	6.49	9.1	30.2	46.55	14	30.1	16.7	74.5	5	"NA"	"NA"	"NA"	"NA"	"NA"	"NA"	"NA"	"NA"	"NA"	"NA"	"NA"	"NA"	"NA"	"NA"	"NA"	"NA"	"NA"	"NA"	"NA"	"NA"	"NA"	"NA"	"NA"	"NA"	"NA"	"NA"	"NA"	"NA"
329	16	"A"	"None"	20	"Y"		2	2	1	0.5	3	8.5	12.6666666667	3.01	0.795	1.785	0.145	0.2	0.085	26.095	59.88	4.795	6.59	2.645	4.1	5.45	20.05	48.9	13.3	27.15	17.6	373	4.45	"NA"	"NA"	"NA"	"NA"	"NA"	"NA"	"NA"	"NA"	"NA"	"NA"	"NA"	"NA"	"NA"	"NA"	"NA"	"NA"	"NA"	"NA"	"NA"	"NA"	"NA"	"NA"	"NA"	"NA"	"NA"	"NA"	"NA"	"NA"
330	16	"B"	"None"	20			2	1	2	1	3	9	14.5555555556	5.32	1.875	2.365	0.385	0.48	0.215	35.235	44.56	7.385	8.83	3.985	8.02	12.35	39.85	49.75	15.45	31	16.3	405	4.7	"NA"	"NA"	"NA"	"NA"	"NA"	"NA"	"NA"	"NA"	"NA"	"NA"	"NA"	"NA"	"NA"	"NA"	"NA"	"NA"	"NA"	"NA"	"NA"	"NA"	"NA"	"NA"	"NA"	"NA"	"NA"	"NA"	"NA"	"NA"
331	16	"B"	"None"	20		"Dead at 15h"	"NA"	"NA"	"NA"	"NA"	"NA"	"NA"	"NA"	"NA"	"NA"	"NA"	"NA"	"NA"	"NA"	"NA"	"NA"	"NA"	"NA"	"NA"	"NA"	"NA"	"NA"	"NA"	"NA"	"NA"	"NA"	"NA"	"NA"	"NA"	"NA"	"NA"	"NA"	"NA"	"NA"	"NA"	"NA"	"NA"	"NA"	"NA"	"NA"	"NA"	"NA"	"NA"	"NA"	"NA"	"NA"	"NA"	"NA"	"NA"	"NA"	"NA"	"NA"	"NA"	"NA"	"NA"	"NA"
332	16	"B"	"None"	20			1	1.5	0	0.5	2	5	8.3	5.27	1.86	2.465	0.27	0.465	0.205	35.27	46.81	5.11	8.925	3.88	7.165	10.35	34.45	48.1	14.45	30.05	16.2	325	4.65	"NA"	"NA"	"NA"	"NA"	"NA"	"NA"	"NA"	"NA"	"NA"	"NA"	"NA"	"NA"	"NA"	"NA"	"NA"	"NA"	"NA"	"NA"	"NA"	"NA"	"NA"	"NA"	"NA"	"NA"	"NA"	"NA"	"NA"	"NA"
333	16	"B"	"None"	20			0	0	0	0	1	1	5.8	3.35	0.78	1.8	0.295	0.375	0.095	23.37	53.84	8.725	11.225	2.84	"NA"	"NA"	"NA"	"NA"	"NA"	"NA"	"NA"	"NA"	"NA"	"NA"	"NA"	"NA"	"NA"	"NA"	"NA"	"NA"	"NA"	"NA"	"NA"	"NA"	"NA"	"NA"	"NA"	"NA"	"NA"	"NA"	"NA"	"NA"	"NA"	"NA"	"NA"	"NA"	"NA"	"NA"	"NA"	"NA"	"NA"
334	16	"B"	"None"	20	"Y"		1	1.5	0	0.5	2.5	5.5	1	5.15	2.105	2.655	0.205	0.135	0.05	41.005	51.55	3.93	2.515	1	7.84	10.85	38.25	48.8	13.85	28.35	16.95	684	4.4	"NA"	"NA"	"NA"	"NA"	"NA"	"NA"	"NA"	"NA"	"NA"	"NA"	"NA"	"NA"	"NA"	"NA"	"NA"	"NA"	"NA"	"NA"	"NA"	"NA"	"NA"	"NA"	"NA"	"NA"	"NA"	"NA"	"NA"	"NA"
335	16	"Sham"	"None"	0			0.5	0.5	0	0	2	3	0.4	2.66	0.295	2.29	0.06	0.01	0	11.18	86.14	2.24	0.41	0.03	7.365	10.7	36.5	49.55	14.55	29.3	16.55	782	4.2	"NA"	"NA"	"NA"	"NA"	"NA"	"NA"	"NA"	"NA"	"NA"	"NA"	"NA"	"NA"	"NA"	"NA"	"NA"	"NA"	"NA"	"NA"	"NA"	"NA"	"NA"	"NA"	"NA"	"NA"	"NA"	"NA"	"NA"	"NA"
336	16	"Sham"	"None"	0			0	0.5	0	0	1.5	2	0.1111111111	1.45	0.235	1.115	0.055	0.035	0.01	16.4	76.77	3.815	2.465	0.55	7.26	10.5	35.85	49.35	14.5	29.25	16.1	623	4.25	"NA"	"NA"	"NA"	"NA"	"NA"	"NA"	"NA"	"NA"	"NA"	"NA"	"NA"	"NA"	"NA"	"NA"	"NA"	"NA"	"NA"	"NA"	"NA"	"NA"	"NA"	"NA"	"NA"	"NA"	"NA"	"NA"	"NA"	"NA"
337	16	"Sham"	"None"	0			0	0.5	0	0	1.5	2	0.3	3.72	0.645	2.94	0.11	0.02	0.005	17.245	79.375	2.785	0.47	0.12	8.145	11.5	39.2	48.1	14.1	29.3	16.25	712.5	4.15	"NA"	"NA"	"NA"	"NA"	"NA"	"NA"	"NA"	"NA"	"NA"	"NA"	"NA"	"NA"	"NA"	"NA"	"NA"	"NA"	"NA"	"NA"	"NA"	"NA"	"NA"	"NA"	"NA"	"NA"	"NA"	"NA"	"NA"	"NA"
338	16	"Sham"	"None"	0			0.5	1.5	0	0	1.5	3.5	0.8	6.4	2.025	3.49	0.34	0.41	0.145	31.7	54.475	5.26	6.37	2.245	7.39	10.55	35.65	48.25	14.25	29.6	16.95	386	4.45	"NA"	"NA"	"NA"	"NA"	"NA"	"NA"	"NA"	"NA"	"NA"	"NA"	"NA"	"NA"	"NA"	"NA"	"NA"	"NA"	"NA"	"NA"	"NA"	"NA"	"NA"	"NA"	"NA"	"NA"	"NA"	"NA"	"NA"	"NA"
339	16	"Sham"	"None"	0	"Y"		1	0.5	0	0	2	3.5	2.2	3.48	0.68	2.24	0.365	0.145	0.05	19.415	64.56	10.53	4.13	1.365	5.55	8.1	27.25	49.05	14.9	30.45	15.95	352	4.85	"NA"	"NA"	"NA"	"NA"	"NA"	"NA"	"NA"	"NA"	"NA"	"NA"	"NA"	"NA"	"NA"	"NA"	"NA"	"NA"	"NA"	"NA"	"NA"	"NA"	"NA"	"NA"	"NA"	"NA"	"NA"	"NA"	"NA"	"NA"
501	6	"A"	"Isotype"	20			2	2	2	3	3	12	"NA"	5.74	3.79	1.72	0.22	0.01	0	65.96	30.01	3.82	0.13	0.08	"NA"	"NA"	"NA"	"NA"	"NA"	"NA"	"NA"	"NA"	"NA"	1501	6.98	237	7615	1122	34.69	20.46	521	32.92	21.5	"NA"	"NA"	"NA"	"NA"	"NA"	"NA"	"NA"	"NA"	"NA"	"NA"	31.58	120.04	"NA"	"NA"	"NA"	"NA"	"NA"	"NA"
502	6	"A"	"Isotype"	20		"Dead at 5h"	0	1	0	0.5	1	2.5	"NA"	8.3	2.04	4.42	1.61	0.19	0.04	24.52	53.3	19.39	2.33	0.45	"NA"	"NA"	"NA"	"NA"	"NA"	"NA"	"NA"	"NA"	"NA"	9806.78	79.31	622	10039.5	9906	238	367	10172.92	118	63.89	"NA"	"NA"	"NA"	"NA"	"NA"	"NA"	"NA"	"NA"	"NA"	"NA"	4.26	1.23	"NA"	"NA"	"NA"	"NA"	"NA"	"NA"
503	6	"A"	"Isotype"	20		"Dead at 4h"	0.5	1.5	0	0.5	1.5	4	"NA"	8.64	4.3	3.33	0.65	0.32	0.04	49.81	35.53	7.51	3.66	0.5	"NA"	"NA"	"NA"	"NA"	"NA"	"NA"	"NA"	"NA"	"NA"	6669	4.69	301	10039.5	2824	165	377	8897	105	90.77	"NA"	"NA"	"NA"	"NA"	"NA"	"NA"	"NA"	"NA"	"NA"	"NA"	3.97	0.37	"NA"	"NA"	"NA"	"NA"	"NA"	"NA"
504	6	"A"	"Isotype"	20			1	1.5	1	2	2.5	8	"NA"	13.66	9.67	3.18	0.36	0.29	0.17	70.8	23.36	2.62	2.11	1.21	"NA"	"NA"	"NA"	"NA"	"NA"	"NA"	"NA"	"NA"	"NA"	"NA"	"NA"	"NA"	"NA"	"NA"	"NA"	"NA"	"NA"	"NA"	"NA"	"NA"	"NA"	"NA"	"NA"	"NA"	"NA"	"NA"	"NA"	"NA"	"NA"	6.22	15.45	"NA"	"NA"	"NA"	"NA"	"NA"	"NA"
505	6	"A"	"Anti-Cxcl"	20			1	2	1	2	3	9	"NA"	2.88	1.75	0.95	0.07	0.08	0.03	60.84	32.87	2.58	2.69	1.02	"NA"	"NA"	"NA"	"NA"	"NA"	"NA"	"NA"	"NA"	"NA"	3827	21.08	663	2305	1493	75.58	57.11	431	133	34	"NA"	"NA"	"NA"	"NA"	"NA"	"NA"	"NA"	"NA"	"NA"	"NA"	6.79	16.54	"NA"	"NA"	"NA"	"NA"	"NA"	"NA"
506	6	"A"	"Anti-Cxcl"	20			2	2	1	2	2.5	9.5	"NA"	4.04	2.8	1.12	0.1	0.02	0.01	69.33	27.67	2.43	0.43	0.14	"NA"	"NA"	"NA"	"NA"	"NA"	"NA"	"NA"	"NA"	"NA"	2849	6.35	394	736	753	67.56	33.29	138	79.59	30.44	"NA"	"NA"	"NA"	"NA"	"NA"	"NA"	"NA"	"NA"	"NA"	"NA"	9.69	20.17	"NA"	"NA"	"NA"	"NA"	"NA"	"NA"
507	6	"A"	"Anti-Cxcl"	20			1	1.5	1	1.5	2.5	7.5	"NA"	1.9	0.4	1.21	0.12	0.12	0.05	20.82	63.56	6.52	6.26	2.84	"NA"	"NA"	"NA"	"NA"	"NA"	"NA"	"NA"	"NA"	"NA"	709	5.98	184	2141	741	63.74	25.01	270	83.31	50.1	"NA"	"NA"	"NA"	"NA"	"NA"	"NA"	"NA"	"NA"	"NA"	"NA"	13.52	61.28	"NA"	"NA"	"NA"	"NA"	"NA"	"NA"
508	6	"A"	"Anti-Cxcl"	20			2	2	1.5	2.5	2.5	10.5	"NA"	7	3.25	3.36	0.31	0.05	0.03	46.36	47.97	4.47	0.76	0.43	"NA"	"NA"	"NA"	"NA"	"NA"	"NA"	"NA"	"NA"	"NA"	1715	10.24	503	339	945	90.5	35.52	119	69.42	45.11	"NA"	"NA"	"NA"	"NA"	"NA"	"NA"	"NA"	"NA"	"NA"	"NA"	8.51	32.31	"NA"	"NA"	"NA"	"NA"	"NA"	"NA"
509	6	"Sham"	"Isotype"	0			0	0	0	0	2	2	"NA"	2.9	1.45	1.43	0.01	0.01	0	50.09	49.37	0.27	0.21	0.07	"NA"	"NA"	"NA"	"NA"	"NA"	"NA"	"NA"	"NA"	"NA"	1071	1.77	75.91	1517	57.6	120	21.85	28.8	36.83	20.45	"NA"	"NA"	"NA"	"NA"	"NA"	"NA"	"NA"	"NA"	"NA"	"NA"	0.08	0.09	"NA"	"NA"	"NA"	"NA"	"NA"	"NA"
510	6	"Sham"	"Isotype"	0			0	0	0	0	2	2	"NA"	2.22	1.05	1.15	0.02	0	0	47.38	51.82	0.73	0.07	0	"NA"	"NA"	"NA"	"NA"	"NA"	"NA"	"NA"	"NA"	"NA"	959	0.87	90.98	519	45.82	19.59	3.56	28.8	27.26	11.49	"NA"	"NA"	"NA"	"NA"	"NA"	"NA"	"NA"	"NA"	"NA"	"NA"	0.27	0.36	"NA"	"NA"	"NA"	"NA"	"NA"	"NA"
511	6	"Sham"	"Anti-Cxcl"	0			0	0	0	0	1	1	"NA"	2.88	1.43	1.36	0.06	0.02	0.01	49.49	47.39	1.97	0.73	0.42	"NA"	"NA"	"NA"	"NA"	"NA"	"NA"	"NA"	"NA"	"NA"	1045	0.87	170	371	32.63	44.45	6.33	42.16	24.47	17.83	"NA"	"NA"	"NA"	"NA"	"NA"	"NA"	"NA"	"NA"	"NA"	"NA"	0.41	0.34	"NA"	"NA"	"NA"	"NA"	"NA"	"NA"
512	6	"Sham"	"Anti-Cxcl"	0			0	0	0	0	1	1	"NA"	1.72	0.2	1.3	0.1	0.09	0.03	11.86	75.48	5.71	5.43	1.51	"NA"	"NA"	"NA"	"NA"	"NA"	"NA"	"NA"	"NA"	"NA"	"NA"	"NA"	"NA"	"NA"	"NA"	"NA"	"NA"	"NA"	"NA"	"NA"	"NA"	"NA"	"NA"	"NA"	"NA"	"NA"	"NA"	"NA"	"NA"	"NA"	0.39	1.35	"NA"	"NA"	"NA"	"NA"	"NA"	"NA"
513	16	"A"	"Isotype"	20			1	1.5	0.5	1	3	7	"NA"	9.96	3.34	3.5	1.62	1.21	0.28	33.58	35.13	16.31	12.18	2.8	"NA"	"NA"	"NA"	"NA"	"NA"	"NA"	"NA"	"NA"	"NA"	"NA"	"NA"	"NA"	"NA"	"NA"	"NA"	"NA"	"NA"	"NA"	"NA"	"NA"	"NA"	"NA"	"NA"	"NA"	"NA"	"NA"	"NA"	"NA"	"NA"	2.08	9.07	"NA"	"NA"	"NA"	"NA"	"NA"	"NA"
514	16	"A"	"Isotype"	20		"Dead at 16h"	1.5	2	1	2	3	9.5	"NA"	5.04	3.04	1.52	0.2	0.22	0.07	60.31	30.06	3.88	4.45	1.29	"NA"	"NA"	"NA"	"NA"	"NA"	"NA"	"NA"	"NA"	"NA"	"NA"	"NA"	"NA"	"NA"	"NA"	"NA"	"NA"	"NA"	"NA"	"NA"	"NA"	"NA"	"NA"	"NA"	"NA"	"NA"	"NA"	"NA"	"NA"	"NA"	5.01	2.73	"NA"	"NA"	"NA"	"NA"	"NA"	"NA"
515	16	"A"	"Isotype"	20			1	2	1.5	3	3	10.5	"NA"	4.74	3.49	1.06	0.17	0.01	0	73.71	22.43	3.56	0.23	0.08	"NA"	"NA"	"NA"	"NA"	"NA"	"NA"	"NA"	"NA"	"NA"	"NA"	"NA"	"NA"	"NA"	"NA"	"NA"	"NA"	"NA"	"NA"	"NA"	"NA"	"NA"	"NA"	"NA"	"NA"	"NA"	"NA"	"NA"	"NA"	"NA"	3.14	6.94	"NA"	"NA"	"NA"	"NA"	"NA"	"NA"
516	16	"A"	"Isotype"	20		"Dead at 15h"	"NA"	"NA"	"NA"	"NA"	"NA"	"NA"	"NA"	"NA"	"NA"	"NA"	"NA"	"NA"	"NA"	"NA"	"NA"	"NA"	"NA"	"NA"	"NA"	"NA"	"NA"	"NA"	"NA"	"NA"	"NA"	"NA"	"NA"	"NA"	"NA"	"NA"	"NA"	"NA"	"NA"	"NA"	"NA"	"NA"	"NA"	"NA"	"NA"	"NA"	"NA"	"NA"	"NA"	"NA"	"NA"	"NA"	"NA"	"NA"	"NA"	"NA"	"NA"	"NA"	"NA"	"NA"	"NA"
517	16	"A"	"Anti-Cxcl"	20		"Dead at 16h"	1	2	1	1.5	3	8.5	"NA"	3.66	1.92	1.18	0.35	0.17	0.05	52.35	32.23	9.61	4.58	1.23	"NA"	"NA"	"NA"	"NA"	"NA"	"NA"	"NA"	"NA"	"NA"	"NA"	"NA"	"NA"	"NA"	"NA"	"NA"	"NA"	"NA"	"NA"	"NA"	"NA"	"NA"	"NA"	"NA"	"NA"	"NA"	"NA"	"NA"	"NA"	"NA"	3.53	3.96	"NA"	"NA"	"NA"	"NA"	"NA"	"NA"
518	16	"A"	"Anti-Cxcl"	20			2	2.5	2	2	2.5	11	"NA"	2.28	1.37	0.85	0.05	0	0	60.25	37.2	2.37	0.1	0.07	"NA"	"NA"	"NA"	"NA"	"NA"	"NA"	"NA"	"NA"	"NA"	"NA"	"NA"	"NA"	"NA"	"NA"	"NA"	"NA"	"NA"	"NA"	"NA"	"NA"	"NA"	"NA"	"NA"	"NA"	"NA"	"NA"	"NA"	"NA"	"NA"	1.29	0.96	"NA"	"NA"	"NA"	"NA"	"NA"	"NA"
519	16	"A"	"Anti-Cxcl"	20			1	1.5	0.5	1	2	6	"NA"	3.58	2.16	1.29	0.13	0.01	0	60.39	35.9	3.52	0.19	0	"NA"	"NA"	"NA"	"NA"	"NA"	"NA"	"NA"	"NA"	"NA"	"NA"	"NA"	"NA"	"NA"	"NA"	"NA"	"NA"	"NA"	"NA"	"NA"	"NA"	"NA"	"NA"	"NA"	"NA"	"NA"	"NA"	"NA"	"NA"	"NA"	0.62	0.63	"NA"	"NA"	"NA"	"NA"	"NA"	"NA"
520	16	"A"	"Anti-Cxcl"	20			1	2	1.5	3	3	10.5	"NA"	1.06	0.44	0.56	0.05	0.01	0	41.53	52.46	5.12	0.88	0	"NA"	"NA"	"NA"	"NA"	"NA"	"NA"	"NA"	"NA"	"NA"	"NA"	"NA"	"NA"	"NA"	"NA"	"NA"	"NA"	"NA"	"NA"	"NA"	"NA"	"NA"	"NA"	"NA"	"NA"	"NA"	"NA"	"NA"	"NA"	"NA"	0.56	0.32	"NA"	"NA"	"NA"	"NA"	"NA"	"NA"
521	16	"Sham"	"Isotype"	0			0	0	0	0	1	1	"NA"	"NA"	"NA"	"NA"	"NA"	"NA"	"NA"	"NA"	"NA"	"NA"	"NA"	"NA"	"NA"	"NA"	"NA"	"NA"	"NA"	"NA"	"NA"	"NA"	"NA"	"NA"	"NA"	"NA"	"NA"	"NA"	"NA"	"NA"	"NA"	"NA"	"NA"	"NA"	"NA"	"NA"	"NA"	"NA"	"NA"	"NA"	"NA"	"NA"	"NA"	0.1	0.08	"NA"	"NA"	"NA"	"NA"	"NA"	"NA"
522	16	"Sham"	"Isotype"	0			0	0.5	0	0	1.5	2	"NA"	3.1	0.89	2.12	0.09	0	0	28.56	68.51	2.86	0.03	0.05	"NA"	"NA"	"NA"	"NA"	"NA"	"NA"	"NA"	"NA"	"NA"	"NA"	"NA"	"NA"	"NA"	"NA"	"NA"	"NA"	"NA"	"NA"	"NA"	"NA"	"NA"	"NA"	"NA"	"NA"	"NA"	"NA"	"NA"	"NA"	"NA"	0.02	0.08	"NA"	"NA"	"NA"	"NA"	"NA"	"NA"
523	16	"Sham"	"Anti-Cxcl"	0			0	0.5	0	0	1.5	2	"NA"	4.04	0.55	3.38	0.11	0	0	13.55	83.64	2.72	0.04	0.04	"NA"	"NA"	"NA"	"NA"	"NA"	"NA"	"NA"	"NA"	"NA"	"NA"	"NA"	"NA"	"NA"	"NA"	"NA"	"NA"	"NA"	"NA"	"NA"	"NA"	"NA"	"NA"	"NA"	"NA"	"NA"	"NA"	"NA"	"NA"	"NA"	0.01	0.01	"NA"	"NA"	"NA"	"NA"	"NA"	"NA"
524	16	"Sham"	"Anti-Cxcl"	0			0	0.5	0	0	1.5	2	"NA"	6	2.5	3.09	0.24	0.14	0.02	41.72	51.55	4.07	2.31	0.35	"NA"	"NA"	"NA"	"NA"	"NA"	"NA"	"NA"	"NA"	"NA"	"NA"	"NA"	"NA"	"NA"	"NA"	"NA"	"NA"	"NA"	"NA"	"NA"	"NA"	"NA"	"NA"	"NA"	"NA"	"NA"	"NA"	"NA"	"NA"	"NA"	0.02	0.01	"NA"	"NA"	"NA"	"NA"	"NA"	"NA"
801	6	"Sham"	"Isotype"	0			1	1	0	0	2	4	1.1	4.72	1.85	2.39	0.19	0.25	0.04	39.15	50.74	4.04	5.26	0.81	"NA"	"NA"	"NA"	"NA"	"NA"	"NA"	"NA"	"NA"	"NA"	1294	1.62	407	613	56.1	44.97	54.33	21.22	41.07	64.98	"NA"	"NA"	"NA"	"NA"	"NA"	"NA"	"NA"	"NA"	"NA"	"NA"	"NA"	"NA"	"NA"	"NA"	"NA"	"NA"	"NA"	"NA"
802	6	"Sham"	"Isotype"	0			1	0.5	0	0	1.5	3	0.4166666667	5.8	2.68	2.44	0.24	0.36	0.08	46.25	42.06	4.07	6.19	1.44	"NA"	"NA"	"NA"	"NA"	"NA"	"NA"	"NA"	"NA"	"NA"	1669	1.8	517	700	114	55.43	53.78	26.48	36.18	67.78	"NA"	"NA"	"NA"	"NA"	"NA"	"NA"	"NA"	"NA"	"NA"	"NA"	"NA"	"NA"	"NA"	"NA"	"NA"	"NA"	"NA"	"NA"
803	6	"Sham"	"Isotype"	0			0.5	1	0	0	1	2.5	10.7	5.6	2.5	2.53	0.24	0.25	0.08	44.7	45.18	4.35	4.38	1.39	"NA"	"NA"	"NA"	"NA"	"NA"	"NA"	"NA"	"NA"	"NA"	1615	1.5	200	99.99	44.74	38.25	24.68	12.94	57.69	34.59	"NA"	"NA"	"NA"	"NA"	"NA"	"NA"	"NA"	"NA"	"NA"	"NA"	"NA"	"NA"	"NA"	"NA"	"NA"	"NA"	"NA"	"NA"
804	6	"A"	"Isotype"	20			1	2	1	2	2	8	1.2	8.66	4.38	3.77	0.29	0.18	0.05	50.56	43.58	3.3	2.03	0.53	"NA"	"NA"	"NA"	"NA"	"NA"	"NA"	"NA"	"NA"	"NA"	4617	7.24	506	5990	1576	39.55	130	329	159	78.13	"NA"	"NA"	"NA"	"NA"	"NA"	"NA"	"NA"	"NA"	"NA"	"NA"	"NA"	"NA"	"NA"	"NA"	"NA"	"NA"	"NA"	"NA"
805	6	"A"	"Isotype"	20		"Died at 4h"	1.5	2	1	2	2.5	9	5.4	15.66	8.9	5.95	0.48	0.29	0.05	56.85	37.97	3.04	1.83	0.3	"NA"	"NA"	"NA"	"NA"	"NA"	"NA"	"NA"	"NA"	"NA"	"NA"	"NA"	"NA"	"NA"	"NA"	"NA"	"NA"	"NA"	"NA"	"NA"	"NA"	"NA"	"NA"	"NA"	"NA"	"NA"	"NA"	"NA"	"NA"	"NA"	"NA"	"NA"	"NA"	"NA"	"NA"	"NA"	"NA"	"NA"
806	6	"A"	"Isotype"	20			1	1.5	0.5	1	2	6	0.4	5.98	2.24	3.25	0.28	0.14	0.07	37.51	54.27	4.75	2.37	1.09	"NA"	"NA"	"NA"	"NA"	"NA"	"NA"	"NA"	"NA"	"NA"	7707	63.84	615	11089.73	4344	128	648	2694	69.72	177	"NA"	"NA"	"NA"	"NA"	"NA"	"NA"	"NA"	"NA"	"NA"	"NA"	"NA"	"NA"	"NA"	"NA"	"NA"	"NA"	"NA"	"NA"
807	6	"A"	"Isotype"	20		"Died at 5h"	2	2	2	2.5	3	11.5	10.9	9.76	5.48	3.95	0.26	0.05	0.01	56.17	40.52	2.7	0.49	0.12	"NA"	"NA"	"NA"	"NA"	"NA"	"NA"	"NA"	"NA"	"NA"	9431.87	250	1341	11089.73	10741.44	172	562	9449	411	93.53	"NA"	"NA"	"NA"	"NA"	"NA"	"NA"	"NA"	"NA"	"NA"	"NA"	"NA"	"NA"	"NA"	"NA"	"NA"	"NA"	"NA"	"NA"
808	6	"Sham"	"Anti-Cxcl"	0			0.5	0.5	0	0	2	3	0.8	7.28	3.33	3.36	0.34	0.18	0.07	45.76	46.17	4.61	2.53	0.93	"NA"	"NA"	"NA"	"NA"	"NA"	"NA"	"NA"	"NA"	"NA"	3032	2.44	522	351	719	33.82	74.08	26.48	44.03	85.17	"NA"	"NA"	"NA"	"NA"	"NA"	"NA"	"NA"	"NA"	"NA"	"NA"	"NA"	"NA"	"NA"	"NA"	"NA"	"NA"	"NA"	"NA"
809	6	"Sham"	"Anti-Cxcl"	0			0.5	1	0	0	2	3.5	0.3	4.34	1.52	2.44	0.15	0.17	0.06	34.97	56.23	3.56	3.86	1.39	"NA"	"NA"	"NA"	"NA"	"NA"	"NA"	"NA"	"NA"	"NA"	1929	2.13	285	170	59.23	32	23.77	22.55	43.46	38.5	"NA"	"NA"	"NA"	"NA"	"NA"	"NA"	"NA"	"NA"	"NA"	"NA"	"NA"	"NA"	"NA"	"NA"	"NA"	"NA"	"NA"	"NA"
810	6	"Sham"	"Anti-Cxcl"	0			1.5	1.5	0	0	2.5	5.5	5.5	6.86	2.52	3.57	0.38	0.3	0.1	36.73	51.99	5.47	4.41	1.39	"NA"	"NA"	"NA"	"NA"	"NA"	"NA"	"NA"	"NA"	"NA"	1455	2.2	614	1429	426	97.32	314	23.88	65.56	39.78	"NA"	"NA"	"NA"	"NA"	"NA"	"NA"	"NA"	"NA"	"NA"	"NA"	"NA"	"NA"	"NA"	"NA"	"NA"	"NA"	"NA"	"NA"
811	6	"A"	"Anti-Cxcl"	20			2	2	1	2	3	10	5.2	6.82	2.34	3.82	0.28	0.29	0.08	34.27	56.08	4.17	4.23	1.24	"NA"	"NA"	"NA"	"NA"	"NA"	"NA"	"NA"	"NA"	"NA"	4863	23.97	1436	894	2617	112	426	121	119	91.98	"NA"	"NA"	"NA"	"NA"	"NA"	"NA"	"NA"	"NA"	"NA"	"NA"	"NA"	"NA"	"NA"	"NA"	"NA"	"NA"	"NA"	"NA"
812	6	"A"	"Anti-Cxcl"	20			1	1.5	1	1	1.5	6	2.6	15	6.21	6.71	0.88	0.86	0.33	41.4	44.71	5.9	5.76	2.22	"NA"	"NA"	"NA"	"NA"	"NA"	"NA"	"NA"	"NA"	"NA"	9431.87	245	1226	2031	8423	123	875	2278	203	73.34	"NA"	"NA"	"NA"	"NA"	"NA"	"NA"	"NA"	"NA"	"NA"	"NA"	"NA"	"NA"	"NA"	"NA"	"NA"	"NA"	"NA"	"NA"
813	6	"A"	"Anti-Cxcl"	20		"Died at 5h"	1	1.5	1	1.5	2	7	1.1	27.38	12.86	11.35	1.17	1.56	0.44	46.97	41.47	4.27	5.68	1.62	"NA"	"NA"	"NA"	"NA"	"NA"	"NA"	"NA"	"NA"	"NA"	6474	155	2090	3766	9727	155	1643	3392	204	120	"NA"	"NA"	"NA"	"NA"	"NA"	"NA"	"NA"	"NA"	"NA"	"NA"	"NA"	"NA"	"NA"	"NA"	"NA"	"NA"	"NA"	"NA"
814	6	"A"	"Anti-Cxcl"	20			2	1.5	1.5	2	3	10	6	8.88	3.94	4.1	0.55	0.23	0.07	44.32	46.14	6.15	2.59	0.8	"NA"	"NA"	"NA"	"NA"	"NA"	"NA"	"NA"	"NA"	"NA"	2374	41.36	968	1112	4939	162	561	258	105	46.95	"NA"	"NA"	"NA"	"NA"	"NA"	"NA"	"NA"	"NA"	"NA"	"NA"	"NA"	"NA"	"NA"	"NA"	"NA"	"NA"	"NA"	"NA"
901	16	"Sham"	"None"	20			1	1	0	0	2	4	"NA"	3.18	0.89	2.17	0.08	0.04	0.01	27.9	68.1	2.36	1.32	0.33	9.3	12.2	46.3	49.8	13.1	26.3	16.2	629	4	"NA"	"NA"	"NA"	"NA"	"NA"	"NA"	"NA"	"NA"	"NA"	"NA"	"NA"	"NA"	"NA"	"NA"	"NA"	"NA"	"NA"	"NA"	"NA"	"NA"	"NA"	"NA"	0.1666666667	0	0	0	0.9166666667	1.0833333333
902	16	"Sham"	"None"	20			0.5	1	0	0	2	3.5	"NA"	4.3	0.95	3.23	0.06	0.05	0.01	22.13	75.15	1.43	1.16	0.13	9.4	12.4	46.3	49.3	13.2	26.8	16.3	557	3.8	"NA"	"NA"	"NA"	"NA"	"NA"	"NA"	"NA"	"NA"	"NA"	"NA"	"NA"	"NA"	"NA"	"NA"	"NA"	"NA"	"NA"	"NA"	"NA"	"NA"	"NA"	"NA"	0	0.125	0	0	0.75	0.875
903	16	"Sham"	"None"	20			0	0	0	0	1.5	1.5	"NA"	3.6	0.81	2.73	0.05	0.01	0	22.44	75.94	1.31	0.22	0.09	6.13	11.4	36.4	59.3	18.6	31.3	21.4	527	4.3	"NA"	"NA"	"NA"	"NA"	"NA"	"NA"	"NA"	"NA"	"NA"	"NA"	"NA"	"NA"	"NA"	"NA"	"NA"	"NA"	"NA"	"NA"	"NA"	"NA"	"NA"	"NA"	0.1	0.6	0.2	0.1	1	2
904	16	"B"	"None"	20			1.5	1	0.5	0.5	2	5.5	"NA"	9.32	1.83	5.44	1.29	0.6	0.17	19.64	58.32	13.84	6.4	1.79	1.31	1.6	6.1	46.3	12.2	26.2	16.8	71	4.9	"NA"	"NA"	"NA"	"NA"	"NA"	"NA"	"NA"	"NA"	"NA"	"NA"	"NA"	"NA"	"NA"	"NA"	"NA"	"NA"	"NA"	"NA"	"NA"	"NA"	"NA"	"NA"	0.1	1	0.1	0.4	0.7	2.3
905	16	"B"	"None"	20			1	0	0	0.5	2.5	4	"NA"	4.26	2.58	1.53	0.08	0.06	0.01	60.53	36.03	1.93	1.3	0.21	9.05	11.8	45.3	50.1	13	26	17.8	435	4	"NA"	"NA"	"NA"	"NA"	"NA"	"NA"	"NA"	"NA"	"NA"	"NA"	"NA"	"NA"	"NA"	"NA"	"NA"	"NA"	"NA"	"NA"	"NA"	"NA"	"NA"	"NA"	0.1	0.2	0	0	1	1.3
906	16	"B"	"None"	20		"Dead at 16h"	"NA"	"NA"	"NA"	"NA"	"NA"	"NA"	"NA"	"NA"	"NA"	"NA"	"NA"	"NA"	"NA"	"NA"	"NA"	"NA"	"NA"	"NA"	"NA"	"NA"	"NA"	"NA"	"NA"	"NA"	"NA"	"NA"	"NA"	"NA"	"NA"	"NA"	"NA"	"NA"	"NA"	"NA"	"NA"	"NA"	"NA"	"NA"	"NA"	"NA"	"NA"	"NA"	"NA"	"NA"	"NA"	"NA"	"NA"	"NA"	"NA"	"NA"	"NA"	"NA"	"NA"	"NA"	"NA"
907	16	"B"	"None"	20			0.5	0	0.5	0.5	2	3.5	"NA"	9.44	4.66	3.73	0.29	0.62	0.15	49.34	39.46	3.03	6.56	1.62	9	11.6	44.5	49.4	12.9	26.1	16.3	462	4.4	"NA"	"NA"	"NA"	"NA"	"NA"	"NA"	"NA"	"NA"	"NA"	"NA"	"NA"	"NA"	"NA"	"NA"	"NA"	"NA"	"NA"	"NA"	"NA"	"NA"	"NA"	"NA"	0	0.75	0	0.0833333333	0.5833333333	1.4166666667
908	16	"A"	"None"	20		"Dead at 16h"	"NA"	"NA"	"NA"	"NA"	"NA"	"NA"	"NA"	"NA"	"NA"	"NA"	"NA"	"NA"	"NA"	"NA"	"NA"	"NA"	"NA"	"NA"	"NA"	"NA"	"NA"	"NA"	"NA"	"NA"	"NA"	"NA"	"NA"	"NA"	"NA"	"NA"	"NA"	"NA"	"NA"	"NA"	"NA"	"NA"	"NA"	"NA"	"NA"	"NA"	"NA"	"NA"	"NA"	"NA"	"NA"	"NA"	"NA"	"NA"	"NA"	"NA"	"NA"	"NA"	"NA"	"NA"	"NA"
909	16	"A"	"None"	20		"Dead at 16h"	"NA"	"NA"	"NA"	"NA"	"NA"	"NA"	"NA"	"NA"	"NA"	"NA"	"NA"	"NA"	"NA"	"NA"	"NA"	"NA"	"NA"	"NA"	"NA"	"NA"	"NA"	"NA"	"NA"	"NA"	"NA"	"NA"	"NA"	"NA"	"NA"	"NA"	"NA"	"NA"	"NA"	"NA"	"NA"	"NA"	"NA"	"NA"	"NA"	"NA"	"NA"	"NA"	"NA"	"NA"	"NA"	"NA"	"NA"	"NA"	"NA"	"NA"	"NA"	"NA"	"NA"	"NA"	"NA"
910	16	"A"	"None"	20		"Dead at 16h"	"NA"	"NA"	"NA"	"NA"	"NA"	"NA"	"NA"	"NA"	"NA"	"NA"	"NA"	"NA"	"NA"	"NA"	"NA"	"NA"	"NA"	"NA"	"NA"	"NA"	"NA"	"NA"	"NA"	"NA"	"NA"	"NA"	"NA"	"NA"	"NA"	"NA"	"NA"	"NA"	"NA"	"NA"	"NA"	"NA"	"NA"	"NA"	"NA"	"NA"	"NA"	"NA"	"NA"	"NA"	"NA"	"NA"	"NA"	"NA"	"NA"	"NA"	"NA"	"NA"	"NA"	"NA"	"NA"
911	16	"A"	"None"	20			1.5	2	1	1	2.5	8	"NA"	2.86	0.87	1.5	0.18	0.25	0.06	30.3	52.53	6.18	8.91	2.08	3.01	3.4	23	76.5	11.3	14.8	29.3	66	5.3	"NA"	"NA"	"NA"	"NA"	"NA"	"NA"	"NA"	"NA"	"NA"	"NA"	"NA"	"NA"	"NA"	"NA"	"NA"	"NA"	"NA"	"NA"	"NA"	"NA"	"NA"	"NA"	0.125	0.625	0	0.125	0.25	1.125
912	16	"A"	"None"	20			1	2	1.5	2	2.5	9	"NA"	4.96	2.79	1.99	0.13	0.05	0	56.22	40.07	2.62	1.02	0.06	9.69	13.2	50.7	52.3	13.6	26	15.8	295	4.1	"NA"	"NA"	"NA"	"NA"	"NA"	"NA"	"NA"	"NA"	"NA"	"NA"	"NA"	"NA"	"NA"	"NA"	"NA"	"NA"	"NA"	"NA"	"NA"	"NA"	"NA"	"NA"	0.1666666667	0.8333333333	0	0.3333333333	0.6666666667	2
